case_id,course_id,question,expected_terms,expected_source,should_refuse,passed,latency_ms,mode,confidence,answer,answer_term_coverage,scope_refusal,strict_refusal,retrieval_hit_at_5,reciprocal_rank,citation_count,top_final_score,evidence,error
QA001,python_intro,Python解释器的作用是什么,Python解释器,python_intro.md,false,True,15664,deepseek-graphrag,medium,"结论：Python 解释器负责执行 Python 源代码，并反馈运行结果和错误信息，是运行 Python 程序的运行环境。

课程图谱：证据[2]直接给出该定义，[1]也说明它执行源代码并反馈错误。图谱中“程序设计”包含“Python 解释器”[4]，且解释器是“变量”的前置[5]，并与“异常处理”相关[7]。

补充知识：解释器通常逐行读取、翻译并执行代码，不生成独立的可执行文件。常见实现有 CPython、PyPy。示例：运行 python hello.py 时，解释器读取该文件并输出结果；若代码有误，会给出报错位置和类型。

说明：图谱只表明解释器与变量存在前置关系、与异常处理相关，不能据此确定具体学习顺序。",1.0,False,False,True,1.0,8,,"[{""id"": ""chunk_e225ab4d17a5"", ""source"": ""python_intro.md"", ""excerpt"": ""# Python 程序设计基础示例资料\n\n## 程序设计与解释器\n程序设计强调使用变量、数据类型、表达式和流程控制描述解决问题的步骤。Python 解释器负责执行源代码，并将错误信息反馈给学习者。\n\n## 数据结构与函数\n列表、字典和字符串处理是 Python 常用的数据组织方式。函数通过参数传递复用逻辑，能够把复杂问题拆分为可测试的模块。\n\n## 工程实践\n文件读写、异常处理、模块和单元测试帮助学生完成可维护的小型项目。面向对象中的类与对象可用于组织更复杂的业务模型。"", ""type"": ""document"", ""document_id"": ""sample_python_intro"", ""page_no"": null, ""bm25_score"": -4e-06, ""rank"": 1, ""source_score"": 0.8}, {""id"": ""py_02"", ""source"": ""知识点：Python 解释器"", ""excerpt"": ""执行 Python 源代码并反馈运行结果和错误信息的运行环境。"", ""type"": ""graph"", ""node_match_score"": 18, ""graph_score"": 1.0, ""source_score"": 0.65}, {""id"": ""py_16"", ""source"": ""知识点：模块"", ""excerpt"": ""组织函数、类和变量的 Python 文件或包。"", ""type"": ""graph"", ""node_match_score"": 6, ""graph_score"": 1.0, ""source_score"": 0.65}, {""source"": ""SQLite 图谱邻居扩展"", ""excerpt"": ""程序设计 -[包含关系]-> Python 解释器"", ""type"": ""relation"", ""backend"": ""sqlite"", ""relation_id"": ""pye_01"", ""graph_score"": 0.75, ""source_score"": 0.65}, {""source"": ""SQLite 图谱邻居扩展"", ""excerpt"": ""Python 解释器 -[前置关系]-> 变量"", ""type"": ""relation"", ""backend"": ""sqlite"", ""relation_id"": ""pye_09"", ""graph_score"": 0.75, ""source_score"": 0.65}, {""source"": ""SQLite 图谱邻居扩展"", ""excerpt"": ""模块 -[前置关系]-> 项目实践"", ""type"": ""relation"", ""backend"": ""sqlite"", ""relation_id"": ""pye_19"", ""graph_score"": 0.75, ""source_score"": 0.65}, {""source"": ""SQLite 图谱邻居扩展"", ""excerpt"": ""Python 解释器 -[相关关系]-> 异常处理"", ""type"": ""relation"", ""backend"": ""sqlite"", ""relation_id"": ""edge_0cc51b021ea7"", ""graph_score"": 0.75, ""source_score"": 0.95}, {""source"": ""SQLite 图谱邻居扩展"", ""excerpt"": ""函数 -[前置关系]-> 模块"", ""type"": ""relation"", ""backend"": ""sqlite"", ""relation_id"": ""edge_e3de048cc417"", ""graph_score"": 0.75, ""source_score"": 0.95}]",
QA002,python_intro,变量在程序中承担什么作用,变量,python_intro.md,false,True,16426,deepseek-graphrag,medium,"结论：变量用来保存数据，并让程序通过名字反复访问、修改这些数据，是描述解题步骤的基本元素。

课程图谱：证据[2]直接定义变量是“用于保存数据并通过名称访问数据的程序元素”。图谱显示“程序设计”包含“变量”[6]，也包含“表达式”[8]；表达式由变量、常量和运算符构成[4]。包含关系只说明变量属于程序设计的一部分，不能据此判断学习先后。

补充知识：变量常见作用有：存储输入和中间结果；给数据起可读名字，方便复用；配合表达式参与计算；在流程控制中保存状态，例如计数、累加、循环条件。示例：count = 0 后用 count = count + 1 记录次数。变量本身不是数据，而是指向某个值的名字。

说明：不同语言对变量类型、作用域和可变性的规定不同；课程证据未展开这些差异，无法确定具体学习顺序。",1.0,False,False,True,1.0,8,,"[{""id"": ""chunk_e225ab4d17a5"", ""source"": ""python_intro.md"", ""excerpt"": ""# Python 程序设计基础示例资料\n\n## 程序设计与解释器\n程序设计强调使用变量、数据类型、表达式和流程控制描述解决问题的步骤。Python 解释器负责执行源代码，并将错误信息反馈给学习者。\n\n## 数据结构与函数\n列表、字典和字符串处理是 Python 常用的数据组织方式。函数通过参数传递复用逻辑，能够把复杂问题拆分为可测试的模块。\n\n## 工程实践\n文件读写、异常处理、模块和单元测试帮助学生完成可维护的小型项目。面向对象中的类与对象可用于组织更复杂的业务模型。"", ""type"": ""document"", ""document_id"": ""sample_python_intro"", ""page_no"": null, ""bm25_score"": -2e-06, ""rank"": 1, ""source_score"": 0.8}, {""id"": ""py_03"", ""source"": ""知识点：变量"", ""excerpt"": ""用于保存数据并通过名称访问数据的程序元素。"", ""type"": ""graph"", ""node_match_score"": 8, ""graph_score"": 1.0, ""source_score"": 0.65}, {""id"": ""py_01"", ""source"": ""知识点：程序设计"", ""excerpt"": ""使用计算思维描述问题、设计步骤并形成可执行程序。"", ""type"": ""graph"", ""node_match_score"": 4, ""graph_score"": 1.0, ""source_score"": 0.65}, {""id"": ""py_05"", ""source"": ""知识点：表达式"", ""excerpt"": ""由变量、常量和运算符构成并可求值的代码片段。"", ""type"": ""graph"", ""node_match_score"": 4, ""graph_score"": 1.0, ""source_score"": 0.65}, {""source"": ""SQLite 图谱邻居扩展"", ""excerpt"": ""程序设计 -[包含关系]-> Python 解释器"", ""type"": ""relation"", ""backend"": ""sqlite"", ""relation_id"": ""pye_01"", ""graph_score"": 0.75, ""source_score"": 0.65}, {""source"": ""SQLite 图谱邻居扩展"", ""excerpt"": ""程序设计 -[包含关系]-> 变量"", ""type"": ""relation"", ""backend"": ""sqlite"", ""relation_id"": ""pye_02"", ""graph_score"": 0.75, ""source_score"": 0.65}, {""source"": ""SQLite 图谱邻居扩展"", ""excerpt"": ""程序设计 -[包含关系]-> 数据类型"", ""type"": ""relation"", ""backend"": ""sqlite"", ""relation_id"": ""pye_03"", ""graph_score"": 0.75, ""source_score"": 0.65}, {""source"": ""SQLite 图谱邻居扩展"", ""excerpt"": ""程序设计 -[包含关系]-> 表达式"", ""type"": ""relation"", ""backend"": ""sqlite"", ""relation_id"": ""pye_04"", ""graph_score"": 0.75, ""source_score"": 0.65}]",
QA003,python_intro,为什么要区分不同数据类型,数据类型,python_intro.md,false,True,17183,deepseek-graphrag,medium,"结论：区分数据类型，是为了让程序知道一份数据能取什么值、能做哪些操作，从而正确存储、运算并减少错误。

课程图谱：证据[2]把数据类型定义为“描述数据取值范围和可执行操作的分类”，直接说明了区分的意义。图谱中“程序设计 -[包含关系]-> 数据类型”[6]只表示数据类型是程序设计的内容之一，不代表它必须先学或后学；与变量[3]、流程控制[4]的先后顺序，证据未说明，无法确定。

补充知识：常见类型有整数、浮点数、字符串、布尔值、列表、字典等。类型不同，可用操作也不同，例如数字能相减，字符串相加表示拼接；把字符串当数字运算会报错。类型还影响存储和比较方式，比如整数与浮点数、文本与数字的处理规则不同。写代码时先想清数据是什么类型，能帮你选对变量、写对判断条件，也更容易排查错误。

说明：不同语言对类型的检查严格程度不同，Python 较灵活，但灵活不等于可以混用，关键操作仍要求类型匹配。",1.0,False,False,True,1.0,8,,"[{""id"": ""chunk_e225ab4d17a5"", ""source"": ""python_intro.md"", ""excerpt"": ""# Python 程序设计基础示例资料\n\n## 程序设计与解释器\n程序设计强调使用变量、数据类型、表达式和流程控制描述解决问题的步骤。Python 解释器负责执行源代码，并将错误信息反馈给学习者。\n\n## 数据结构与函数\n列表、字典和字符串处理是 Python 常用的数据组织方式。函数通过参数传递复用逻辑，能够把复杂问题拆分为可测试的模块。\n\n## 工程实践\n文件读写、异常处理、模块和单元测试帮助学生完成可维护的小型项目。面向对象中的类与对象可用于组织更复杂的业务模型。"", ""type"": ""document"", ""document_id"": ""sample_python_intro"", ""page_no"": null, ""bm25_score"": -5e-06, ""rank"": 1, ""source_score"": 0.8}, {""id"": ""py_04"", ""source"": ""知识点：数据类型"", ""excerpt"": ""描述数据取值范围和可执行操作的分类。"", ""type"": ""graph"", ""node_match_score"": 20, ""graph_score"": 1.0, ""source_score"": 0.65}, {""id"": ""py_03"", ""source"": ""知识点：变量"", ""excerpt"": ""用于保存数据并通过名称访问数据的程序元素。"", ""type"": ""graph"", ""node_match_score"": 4, ""graph_score"": 1.0, ""source_score"": 0.65}, {""id"": ""py_06"", ""source"": ""知识点：流程控制"", ""excerpt"": ""控制程序执行顺序的语句体系。"", ""type"": ""graph"", ""node_match_score"": 4, ""graph_score"": 1.0, ""source_score"": 0.65}, {""source"": ""SQLite 图谱邻居扩展"", ""excerpt"": ""程序设计 -[包含关系]-> 变量"", ""type"": ""relation"", ""backend"": ""sqlite"", ""relation_id"": ""pye_02"", ""graph_score"": 0.75, ""source_score"": 0.65}, {""source"": ""SQLite 图谱邻居扩展"", ""excerpt"": ""程序设计 -[包含关系]-> 数据类型"", ""type"": ""relation"", ""backend"": ""sqlite"", ""relation_id"": ""pye_03"", ""graph_score"": 0.75, ""source_score"": 0.65}, {""source"": ""SQLite 图谱邻居扩展"", ""excerpt"": ""流程控制 -[包含关系]-> 条件语句"", ""type"": ""relation"", ""backend"": ""sqlite"", ""relation_id"": ""pye_05"", ""graph_score"": 0.75, ""source_score"": 0.65}, {""source"": ""SQLite 图谱邻居扩展"", ""excerpt"": ""流程控制 -[包含关系]-> 循环语句"", ""type"": ""relation"", ""backend"": ""sqlite"", ""relation_id"": ""pye_06"", ""graph_score"": 0.75, ""source_score"": 0.65}]",
QA004,python_intro,条件语句适合解决什么问题,条件语句,python_intro.md,false,True,16649,deepseek-graphrag,medium,"结论：条件语句适合解决“需要按不同情况走不同处理路径”的问题，比如判断成绩是否及格、输入是否合法、余额是否足够。

课程图谱：条件语句的定义是“根据布尔条件选择执行路径”[2]。它属于流程控制的一部分，图谱中流程控制包含条件语句[5]。表达式是条件语句的前置关系[7]，说明通常要先能写出并求值布尔表达式，再学条件语句。

补充知识：常见类型有单分支 if、双分支 if-else、多分支 if-elif-else。用途是让程序在运行时做选择，而不是从头到尾顺序执行。示例：若分数大于等于60，输出“及格”，否则输出“不及格”。它常和循环配合，但两者解决的是不同问题：条件语句负责选路径，循环负责重复执行。

说明：图谱只说明表达式是条件语句的前置，条件语句是循环语句的前置[8]，这不等于说必须先学循环才能用条件语句；实际学习顺序仍以课程安排为准。",1.0,False,False,True,1.0,8,,"[{""id"": ""chunk_e225ab4d17a5"", ""source"": ""python_intro.md"", ""excerpt"": ""# Python 程序设计基础示例资料\n\n## 程序设计与解释器\n程序设计强调使用变量、数据类型、表达式和流程控制描述解决问题的步骤。Python 解释器负责执行源代码，并将错误信息反馈给学习者。\n\n## 数据结构与函数\n列表、字典和字符串处理是 Python 常用的数据组织方式。函数通过参数传递复用逻辑，能够把复杂问题拆分为可测试的模块。\n\n## 工程实践\n文件读写、异常处理、模块和单元测试帮助学生完成可维护的小型项目。面向对象中的类与对象可用于组织更复杂的业务模型。"", ""type"": ""document"", ""document_id"": ""sample_python_intro"", ""page_no"": null, ""bm25_score"": -2e-06, ""rank"": 1, ""source_score"": 0.8}, {""id"": ""py_07"", ""source"": ""知识点：条件语句"", ""excerpt"": ""根据布尔条件选择执行路径。"", ""type"": ""graph"", ""node_match_score"": 20, ""graph_score"": 1.0, ""source_score"": 0.65}, {""id"": ""py_06"", ""source"": ""知识点：流程控制"", ""excerpt"": ""控制程序执行顺序的语句体系。"", ""type"": ""graph"", ""node_match_score"": 8, ""graph_score"": 1.0, ""source_score"": 0.65}, {""id"": ""py_08"", ""source"": ""知识点：循环语句"", ""excerpt"": ""重复执行一组语句直到条件结束。"", ""type"": ""graph"", ""node_match_score"": 8, ""graph_score"": 1.0, ""source_score"": 0.65}, {""source"": ""SQLite 图谱邻居扩展"", ""excerpt"": ""流程控制 -[包含关系]-> 条件语句"", ""type"": ""relation"", ""backend"": ""sqlite"", ""relation_id"": ""pye_05"", ""graph_score"": 0.75, ""source_score"": 0.65}, {""source"": ""SQLite 图谱邻居扩展"", ""excerpt"": ""流程控制 -[包含关系]-> 循环语句"", ""type"": ""relation"", ""backend"": ""sqlite"", ""relation_id"": ""pye_06"", ""graph_score"": 0.75, ""source_score"": 0.65}, {""source"": ""SQLite 图谱邻居扩展"", ""excerpt"": ""表达式 -[前置关系]-> 条件语句"", ""type"": ""relation"", ""backend"": ""sqlite"", ""relation_id"": ""pye_12"", ""graph_score"": 0.75, ""source_score"": 0.65}, {""source"": ""SQLite 图谱邻居扩展"", ""excerpt"": ""条件语句 -[前置关系]-> 循环语句"", ""type"": ""relation"", ""backend"": ""sqlite"", ""relation_id"": ""pye_13"", ""graph_score"": 0.75, ""source_score"": 0.65}]",
QA005,python_intro,for循环和while循环分别适合什么场景,for循环|while循环,python_intro.md,false,True,15997,deepseek-graphrag,low,"结论：for循环适合次数或遍历范围比较明确的场景；while循环适合次数不确定、只要条件成立就继续的场景。

课程图谱：课程证据把循环语句定义为“重复执行一组语句直到条件结束”[1]。图谱中“流程控制”包含循环语句，说明它属于流程控制的一部分[2]；条件语句是循环语句的前置关系[3]，循环语句又是函数的前置关系[4]。这些关系只说明包含和前置，不能推出for与while的学习先后。

补充知识：for常见于遍历列表、数组、字符串，或已知重复次数，例如“对每个学生执行一次统计”。while常见于等待某个状态变化，例如“只要队列不为空就继续取任务”。很多语言中两者可以互相改写，选择主要看哪种表达更清楚。

说明：不同语言的for、while语法差异较大，例如Python的for偏遍历，C系语言的for更强调计数控制。",1.0,False,False,False,0.0,4,,"[{""id"": ""py_08"", ""source"": ""知识点：循环语句"", ""excerpt"": ""重复执行一组语句直到条件结束。"", ""type"": ""graph"", ""node_match_score"": 8, ""graph_score"": 1.0, ""source_score"": 0.65}, {""source"": ""SQLite 图谱邻居扩展"", ""excerpt"": ""流程控制 -[包含关系]-> 循环语句"", ""type"": ""relation"", ""backend"": ""sqlite"", ""relation_id"": ""pye_06"", ""graph_score"": 0.75, ""source_score"": 0.65}, {""source"": ""SQLite 图谱邻居扩展"", ""excerpt"": ""条件语句 -[前置关系]-> 循环语句"", ""type"": ""relation"", ""backend"": ""sqlite"", ""relation_id"": ""pye_13"", ""graph_score"": 0.75, ""source_score"": 0.65}, {""source"": ""SQLite 图谱邻居扩展"", ""excerpt"": ""循环语句 -[前置关系]-> 函数"", ""type"": ""relation"", ""backend"": ""sqlite"", ""relation_id"": ""pye_14"", ""graph_score"": 0.75, ""source_score"": 0.65}]",
QA006,python_intro,列表和字典有什么区别,列表|字典,python_intro.md,false,True,16263,deepseek-graphrag,low,"结论：列表按位置存一串元素，适合有顺序的数据；字典按键值对存数据，适合给每个值起名字后快速查找。

课程图谱：课程里列表是“按顺序保存多个元素的可变容器”[1]，字典是“通过键值对保存结构化数据的容器”[2]。图谱只标出列表与字典是相关关系[3]，没有说明谁先学谁后学，因此无法确定学习先后。

补充知识：列表用整数下标访问，例如 scores[0]；字典用键访问，例如 student[""name""]。列表关心顺序，元素可重复；字典关心键到值的映射，键通常唯一。列表适合排队、成绩序列；字典适合描述一个对象的多个属性。两者都能增删改，但列表按位置操作，字典按键操作。遍历时，列表直接得到元素，字典通常得到键，再取值。

说明：不同语言里“列表”“字典”的叫法和细节可能不同，比如有的语言叫数组、映射或对象；以你所用语言的实际规则为准。",1.0,False,False,False,0.0,5,,"[{""id"": ""py_11"", ""source"": ""知识点：列表"", ""excerpt"": ""按顺序保存多个元素的可变容器。"", ""type"": ""graph"", ""node_match_score"": 4, ""graph_score"": 1.0, ""source_score"": 0.65}, {""id"": ""py_12"", ""source"": ""知识点：字典"", ""excerpt"": ""通过键值对保存结构化数据的容器。"", ""type"": ""graph"", ""node_match_score"": 4, ""graph_score"": 1.0, ""source_score"": 0.65}, {""source"": ""SQLite 图谱邻居扩展"", ""excerpt"": ""列表 -[相关关系]-> 字典"", ""type"": ""relation"", ""backend"": ""sqlite"", ""relation_id"": ""pye_16"", ""graph_score"": 0.75, ""source_score"": 0.65}, {""source"": ""SQLite 图谱邻居扩展"", ""excerpt"": ""列表 -[相关关系]-> 函数"", ""type"": ""relation"", ""backend"": ""sqlite"", ""relation_id"": ""edge_9950149236de"", ""graph_score"": 0.75, ""source_score"": 0.9}, {""source"": ""SQLite 图谱邻居扩展"", ""excerpt"": ""字典 -[相关关系]-> 函数"", ""type"": ""relation"", ""backend"": ""sqlite"", ""relation_id"": ""edge_43814cfbd718"", ""graph_score"": 0.75, ""source_score"": 0.9}]",
QA007,python_intro,函数为什么有助于代码复用,函数,python_intro.md,false,True,17023,deepseek-graphrag,low,"结论：函数把一段逻辑封装成一个可反复调用的代码单元，所以同一功能不用到处复制，改一处就能处处生效，从而支持代码复用。

课程图谱：证据[1]直接说明函数是“封装一段可复用逻辑的代码单元”，这是函数有助于复用的直接依据。图谱中函数与参数传递是包含关系[6]，说明参数传递属于函数这一知识点的组成部分，但不等于前置关系。证据未说明函数与其他知识点的学习先后，无法确定顺序。

补充知识：复用的常见做法是提取重复代码，写成函数，再通过参数接收不同输入、通过返回值给出结果。例如把“计算平均分”写成函数后，多个班级都能调用，不必各写一遍。函数还便于单独测试和修改，减少重复代码带来的不一致。

说明：函数“有助于”复用，不等于只要用了函数就一定复用得好；若函数职责过杂或依赖全局状态，复用性会下降。",1.0,False,False,False,0.0,8,,"[{""id"": ""py_09"", ""source"": ""知识点：函数"", ""excerpt"": ""封装一段可复用逻辑的代码单元。"", ""type"": ""graph"", ""node_match_score"": 12, ""graph_score"": 1.0, ""source_score"": 0.65}, {""id"": ""py_02"", ""source"": ""知识点：Python 解释器"", ""excerpt"": ""执行 Python 源代码并反馈运行结果和错误信息的运行环境。"", ""type"": ""graph"", ""node_match_score"": 4, ""graph_score"": 1.0, ""source_score"": 0.65}, {""id"": ""py_05"", ""source"": ""知识点：表达式"", ""excerpt"": ""由变量、常量和运算符构成并可求值的代码片段。"", ""type"": ""graph"", ""node_match_score"": 4, ""graph_score"": 1.0, ""source_score"": 0.65}, {""source"": ""SQLite 图谱邻居扩展"", ""excerpt"": ""程序设计 -[包含关系]-> Python 解释器"", ""type"": ""relation"", ""backend"": ""sqlite"", ""relation_id"": ""pye_01"", ""graph_score"": 0.75, ""source_score"": 0.65}, {""source"": ""SQLite 图谱邻居扩展"", ""excerpt"": ""程序设计 -[包含关系]-> 表达式"", ""type"": ""relation"", ""backend"": ""sqlite"", ""relation_id"": ""pye_04"", ""graph_score"": 0.75, ""source_score"": 0.65}, {""source"": ""SQLite 图谱邻居扩展"", ""excerpt"": ""函数 -[包含关系]-> 参数传递"", ""type"": ""relation"", ""backend"": ""sqlite"", ""relation_id"": ""pye_07"", ""graph_score"": 0.75, ""source_score"": 0.65}, {""source"": ""SQLite 图谱邻居扩展"", ""excerpt"": ""Python 解释器 -[前置关系]-> 变量"", ""type"": ""relation"", ""backend"": ""sqlite"", ""relation_id"": ""pye_09"", ""graph_score"": 0.75, ""source_score"": 0.65}, {""source"": ""SQLite 图谱邻居扩展"", ""excerpt"": ""数据类型 -[前置关系]-> 表达式"", ""type"": ""relation"", ""backend"": ""sqlite"", ""relation_id"": ""pye_11"", ""graph_score"": 0.75, ""source_score"": 0.65}]",
QA008,python_intro,参数传递与函数调用有什么关系,参数传递|函数,python_intro.md,false,True,15960,deepseek-graphrag,low,"结论：参数传递是函数调用过程的一部分：调用函数时，把外部数据交给函数内部使用，这个机制就是参数传递。

课程图谱：函数被定义为封装可复用逻辑的代码单元[2]，参数传递是调用函数时向函数内部传入数据的机制[1]。图谱中函数与参数传递存在包含关系[4]，同时函数又是参数传递的前置关系[5]，说明要先有函数，才谈得上给它传参。

补充知识：函数定义时写形参，调用时写实参。例如 def add(a, b): return a + b，调用 add(1, 2) 时，1 和 2 就是实参，分别传给形参 a、b。常见方式有位置传参、关键字传参、默认参数和可变参数。参数传递让同一函数能处理不同数据，是函数复用性的关键。

说明：包含关系表示参数传递属于函数调用机制的一部分，前置关系表示学习或依赖顺序，两者含义不同，不要混为一谈。",1.0,False,False,False,0.0,8,,"[{""id"": ""py_10"", ""source"": ""知识点：参数传递"", ""excerpt"": ""调用函数时向函数内部传入数据的机制。"", ""type"": ""graph"", ""node_match_score"": 28, ""graph_score"": 1.0, ""source_score"": 0.65}, {""id"": ""py_09"", ""source"": ""知识点：函数"", ""excerpt"": ""封装一段可复用逻辑的代码单元。"", ""type"": ""graph"", ""node_match_score"": 4, ""graph_score"": 1.0, ""source_score"": 0.65}, {""id"": ""py_16"", ""source"": ""知识点：模块"", ""excerpt"": ""组织函数、类和变量的 Python 文件或包。"", ""type"": ""graph"", ""node_match_score"": 4, ""graph_score"": 1.0, ""source_score"": 0.65}, {""source"": ""SQLite 图谱邻居扩展"", ""excerpt"": ""函数 -[包含关系]-> 参数传递"", ""type"": ""relation"", ""backend"": ""sqlite"", ""relation_id"": ""pye_07"", ""graph_score"": 0.75, ""source_score"": 0.65}, {""source"": ""SQLite 图谱邻居扩展"", ""excerpt"": ""循环语句 -[前置关系]-> 函数"", ""type"": ""relation"", ""backend"": ""sqlite"", ""relation_id"": ""pye_14"", ""graph_score"": 0.75, ""source_score"": 0.65}, {""source"": ""SQLite 图谱邻居扩展"", ""excerpt"": ""函数 -[前置关系]-> 参数传递"", ""type"": ""relation"", ""backend"": ""sqlite"", ""relation_id"": ""pye_15"", ""graph_score"": 0.75, ""source_score"": 0.65}, {""source"": ""SQLite 图谱邻居扩展"", ""excerpt"": ""模块 -[前置关系]-> 项目实践"", ""type"": ""relation"", ""backend"": ""sqlite"", ""relation_id"": ""pye_19"", ""graph_score"": 0.75, ""source_score"": 0.65}, {""source"": ""SQLite 图谱邻居扩展"", ""excerpt"": ""列表 -[相关关系]-> 函数"", ""type"": ""relation"", ""backend"": ""sqlite"", ""relation_id"": ""edge_9950149236de"", ""graph_score"": 0.75, ""source_score"": 0.9}]",
QA009,python_intro,异常处理为什么不能完全替代输入校验,异常处理|输入校验,python_intro.md,false,True,17056,deepseek-graphrag,low,"结论：异常处理负责兜住运行时错误，输入校验负责在数据进入程序前拦住非法数据，两者目标不同，不能互相替代。

课程图谱：证据[1]说明异常处理是捕获和处理运行时错误，提升程序健壮性；证据[2]说明程序设计要用计算思维描述问题、设计步骤并形成可执行程序。图谱中未检索到“输入校验”与“异常处理”之间的直接关系，因此无法确定两者的学习先后。

补充知识：输入校验通常在数据入口处检查类型、范围、格式、长度等，例如年龄必须是正整数、邮箱要符合基本格式。异常处理则应对运行中仍可能出现的错误，例如文件不存在、网络中断、除零。若只靠异常处理，非法数据可能已经进入业务流程，导致状态被污染、错误定位困难、性能开销增大，甚至把可预期的用户输入错误当成程序故障。常见做法是先用校验给出明确提示，再用异常处理兜住意外情况。

说明：输入校验不能保证覆盖所有情况，异常处理也不能替代入口检查，二者应配合使用。",1.0,False,False,False,0.0,8,,"[{""id"": ""py_15"", ""source"": ""知识点：异常处理"", ""excerpt"": ""捕获和处理运行时错误，提升程序健壮性。"", ""type"": ""graph"", ""node_match_score"": 20, ""graph_score"": 1.0, ""source_score"": 0.65}, {""id"": ""py_01"", ""source"": ""知识点：程序设计"", ""excerpt"": ""使用计算思维描述问题、设计步骤并形成可执行程序。"", ""type"": ""graph"", ""node_match_score"": 4, ""graph_score"": 1.0, ""source_score"": 0.65}, {""id"": ""py_13"", ""source"": ""知识点：字符串处理"", ""excerpt"": ""对文本进行切分、查找、替换和格式化的操作。"", ""type"": ""graph"", ""node_match_score"": 4, ""graph_score"": 1.0, ""source_score"": 0.65}, {""source"": ""SQLite 图谱邻居扩展"", ""excerpt"": ""程序设计 -[包含关系]-> Python 解释器"", ""type"": ""relation"", ""backend"": ""sqlite"", ""relation_id"": ""pye_01"", ""graph_score"": 0.75, ""source_score"": 0.65}, {""source"": ""SQLite 图谱邻居扩展"", ""excerpt"": ""程序设计 -[包含关系]-> 变量"", ""type"": ""relation"", ""backend"": ""sqlite"", ""relation_id"": ""pye_02"", ""graph_score"": 0.75, ""source_score"": 0.65}, {""source"": ""SQLite 图谱邻居扩展"", ""excerpt"": ""程序设计 -[包含关系]-> 数据类型"", ""type"": ""relation"", ""backend"": ""sqlite"", ""relation_id"": ""pye_03"", ""graph_score"": 0.75, ""source_score"": 0.65}, {""source"": ""SQLite 图谱邻居扩展"", ""excerpt"": ""程序设计 -[包含关系]-> 表达式"", ""type"": ""relation"", ""backend"": ""sqlite"", ""relation_id"": ""pye_04"", ""graph_score"": 0.75, ""source_score"": 0.65}, {""source"": ""SQLite 图谱邻居扩展"", ""excerpt"": ""字符串处理 -[相关关系]-> 文件读写"", ""type"": ""relation"", ""backend"": ""sqlite"", ""relation_id"": ""pye_17"", ""graph_score"": 0.75, ""source_score"": 0.65}]",
QA010,python_intro,模块导入怎样帮助组织程序,模块导入,python_intro.md,false,True,16923,deepseek-graphrag,medium,"结论：模块导入把代码按功能拆到不同文件，再在需要的地方引入，从而减少重复、方便复用和维护。

课程图谱：证据[3]把模块定义为组织函数、类和变量的 Python 文件或包；证据[1]提到模块和单元测试用于完成可维护的小型项目。图谱只说明“程序设计包含变量、数据类型、表达式”等[6][7][8]，未说明模块的学习顺序，因此无法确定先后。

补充知识：常见做法是按职责分模块，例如把数据处理、文件读写、界面逻辑分别放在不同文件。导入时可用 import 模块名，或 from 模块名 import 函数名。这样调用处只关心接口，不必重复写实现；修改某模块时影响范围也更小。模块还能配合包分层，避免所有代码堆在一个文件里。示例：把计算平均分的函数放进 stats.py，主程序 import stats 后直接调用。

说明：模块是组织代码的手段，不等于面向对象；面向对象是用对象、属性和方法组织程序结构[2]，两者可以同时使用。",1.0,False,False,True,1.0,8,,"[{""id"": ""chunk_e225ab4d17a5"", ""source"": ""python_intro.md"", ""excerpt"": ""# Python 程序设计基础示例资料\n\n## 程序设计与解释器\n程序设计强调使用变量、数据类型、表达式和流程控制描述解决问题的步骤。Python 解释器负责执行源代码，并将错误信息反馈给学习者。\n\n## 数据结构与函数\n列表、字典和字符串处理是 Python 常用的数据组织方式。函数通过参数传递复用逻辑，能够把复杂问题拆分为可测试的模块。\n\n## 工程实践\n文件读写、异常处理、模块和单元测试帮助学生完成可维护的小型项目。面向对象中的类与对象可用于组织更复杂的业务模型。"", ""type"": ""document"", ""document_id"": ""sample_python_intro"", ""page_no"": null, ""bm25_score"": -1e-06, ""rank"": 1, ""source_score"": 0.8}, {""id"": ""py_17"", ""source"": ""知识点：面向对象"", ""excerpt"": ""以对象、属性和方法组织程序结构的编程思想。"", ""type"": ""graph"", ""node_match_score"": 20, ""graph_score"": 1.0, ""source_score"": 0.65}, {""id"": ""py_16"", ""source"": ""知识点：模块"", ""excerpt"": ""组织函数、类和变量的 Python 文件或包。"", ""type"": ""graph"", ""node_match_score"": 8, ""graph_score"": 1.0, ""source_score"": 0.65}, {""id"": ""py_01"", ""source"": ""知识点：程序设计"", ""excerpt"": ""使用计算思维描述问题、设计步骤并形成可执行程序。"", ""type"": ""graph"", ""node_match_score"": 4, ""graph_score"": 1.0, ""source_score"": 0.65}, {""source"": ""SQLite 图谱邻居扩展"", ""excerpt"": ""程序设计 -[包含关系]-> Python 解释器"", ""type"": ""relation"", ""backend"": ""sqlite"", ""relation_id"": ""pye_01"", ""graph_score"": 0.75, ""source_score"": 0.65}, {""source"": ""SQLite 图谱邻居扩展"", ""excerpt"": ""程序设计 -[包含关系]-> 变量"", ""type"": ""relation"", ""backend"": ""sqlite"", ""relation_id"": ""pye_02"", ""graph_score"": 0.75, ""source_score"": 0.65}, {""source"": ""SQLite 图谱邻居扩展"", ""excerpt"": ""程序设计 -[包含关系]-> 数据类型"", ""type"": ""relation"", ""backend"": ""sqlite"", ""relation_id"": ""pye_03"", ""graph_score"": 0.75, ""source_score"": 0.65}, {""source"": ""SQLite 图谱邻居扩展"", ""excerpt"": ""程序设计 -[包含关系]-> 表达式"", ""type"": ""relation"", ""backend"": ""sqlite"", ""relation_id"": ""pye_04"", ""graph_score"": 0.75, ""source_score"": 0.65}]",
QA011,database_systems,数据库系统解决了什么问题,数据库系统,database_systems.txt,false,True,16703,deepseek-graphrag,medium,"结论：数据库系统主要解决数据的组织、存储、管理、共享和访问问题，并保证数据的一致性、安全性和查询效率。

课程图谱：证据[2]把数据库系统定义为组织、存储、管理和访问数据的软件系统。图谱中“数据库系统—包含→数据模型”[5]、“关系模型—包含→关系代数”[6]、“事务—包含→ACID”[7]都是包含关系，不是前置关系；只有“数据库系统—前置→数据模型”[8]表示学习顺序。课程证据未说明其他知识点的先后顺序，无法确定。

补充知识：它通常解决这些问题：用表等模型组织数据，减少冗余；用SQL等接口查询更新；用事务和并发控制避免多人操作时数据错乱；用索引和查询优化提升速度；用权限、备份恢复保障安全。例如银行转账要同时扣款和入账，事务能防止只完成一半。

说明：不同数据库在并发控制、存储引擎和SQL方言上有差异，但核心目标一致。",1.0,False,False,True,1.0,8,,"[{""id"": ""chunk_91a75dea4bfd"", ""source"": ""database_systems.txt"", ""excerpt"": ""数据库系统原理示例资料\n\n数据库系统通过数据模型描述现实世界的数据结构。关系模型使用表、主键和外键表达实体与联系，SQL 查询用于完成数据检索与更新。\n\n范式和函数依赖用于分析表结构设计质量。事务需要满足 ACID 特性，并通过并发控制、锁机制和日志恢复保证数据库的一致性。\n\n索引和 B+树可以提高查询效率，查询优化器会根据统计信息选择更合适的执行计划。视图、权限和备份恢复共同支撑数据库安全运行。"", ""type"": ""document"", ""document_id"": ""sample_database_systems"", ""page_no"": null, ""bm25_score"": -7e-06, ""rank"": 1, ""source_score"": 0.8}, {""id"": ""db_01"", ""source"": ""知识点：数据库系统"", ""excerpt"": ""用于组织、存储、管理和访问数据的软件系统。"", ""type"": ""graph"", ""node_match_score"": 28, ""graph_score"": 1.0, ""source_score"": 0.95}, {""id"": ""db_04"", ""source"": ""知识点：关系代数"", ""excerpt"": ""关系数据库查询的形式化理论基础。"", ""type"": ""graph"", ""node_match_score"": 12, ""graph_score"": 1.0, ""source_score"": 0.65}, {""id"": ""db_12"", ""source"": ""知识点：事务"", ""excerpt"": ""数据库中作为一个逻辑工作单元执行的一组操作。"", ""type"": ""graph"", ""node_match_score"": 12, ""graph_score"": 1.0, ""source_score"": 0.95}, {""source"": ""SQLite 图谱邻居扩展"", ""excerpt"": ""数据库系统 -[包含关系]-> 数据模型"", ""type"": ""relation"", ""backend"": ""sqlite"", ""relation_id"": ""dbe_01"", ""graph_score"": 0.75, ""source_score"": 0.95}, {""source"": ""SQLite 图谱邻居扩展"", ""excerpt"": ""关系模型 -[包含关系]-> 关系代数"", ""type"": ""relation"", ""backend"": ""sqlite"", ""relation_id"": ""dbe_03"", ""graph_score"": 0.75, ""source_score"": 0.65}, {""source"": ""SQLite 图谱邻居扩展"", ""excerpt"": ""事务 -[包含关系]-> ACID"", ""type"": ""relation"", ""backend"": ""sqlite"", ""relation_id"": ""dbe_07"", ""graph_score"": 0.75, ""source_score"": 0.65}, {""source"": ""SQLite 图谱邻居扩展"", ""excerpt"": ""数据库系统 -[前置关系]-> 数据模型"", ""type"": ""relation"", ""backend"": ""sqlite"", ""relation_id"": ""dbe_09"", ""graph_score"": 0.75, ""source_score"": 0.65}]",
QA012,database_systems,数据模型为什么重要,数据模型,database_systems.txt,false,True,16896,deepseek-graphrag,medium,"结论：数据模型重要，是因为它决定了数据库怎样描述现实世界的数据、约束和操作，是建表、查询、约束和后续优化的基础。

课程图谱：数据库系统包含数据模型[5]，数据模型包含关系模型[6]，关系模型又包含关系代数和 SQL 查询[7][8]。关系模型用二维表表达数据及联系[3]，表由行和列组成[4]。

补充知识：数据模型通常分概念模型、逻辑模型和物理模型。概念模型面向需求，如 ER 图；逻辑模型面向数据库设计，如关系模型；物理模型面向存储与索引。它重要在于：统一业务与开发的沟通语言；提前定义实体、属性和联系；约束数据完整性；为 SQL 查询、事务、索引和查询优化提供基础。例如设计学生选课系统时，先确定学生、课程、选课三个实体及联系，再落到关系表，后续查询和约束才有依据。

说明：课程证据只说明数据模型“是什么”和“包含什么”，没有说明它与其他知识点的学习先后，无法确定先后顺序。",1.0,False,False,True,1.0,8,,"[{""id"": ""chunk_91a75dea4bfd"", ""source"": ""database_systems.txt"", ""excerpt"": ""数据库系统原理示例资料\n\n数据库系统通过数据模型描述现实世界的数据结构。关系模型使用表、主键和外键表达实体与联系，SQL 查询用于完成数据检索与更新。\n\n范式和函数依赖用于分析表结构设计质量。事务需要满足 ACID 特性，并通过并发控制、锁机制和日志恢复保证数据库的一致性。\n\n索引和 B+树可以提高查询效率，查询优化器会根据统计信息选择更合适的执行计划。视图、权限和备份恢复共同支撑数据库安全运行。"", ""type"": ""document"", ""document_id"": ""sample_database_systems"", ""page_no"": null, ""bm25_score"": -5e-06, ""rank"": 1, ""source_score"": 0.8}, {""id"": ""db_02"", ""source"": ""知识点：数据模型"", ""excerpt"": ""描述数据结构、约束和操作的抽象方式。"", ""type"": ""graph"", ""node_match_score"": 20, ""graph_score"": 1.0, ""source_score"": 0.95}, {""id"": ""db_03"", ""source"": ""知识点：关系模型"", ""excerpt"": ""用二维表表达数据及其联系的模型。"", ""type"": ""graph"", ""node_match_score"": 8, ""graph_score"": 1.0, ""source_score"": 0.95}, {""id"": ""node_c19a12cae909"", ""source"": ""知识点：表"", ""excerpt"": ""表是关系模型中存储数据的基本结构，由行和列组成。"", ""type"": ""graph"", ""node_match_score"": 8, ""graph_score"": 1.0, ""source_score"": 0.9}, {""source"": ""SQLite 图谱邻居扩展"", ""excerpt"": ""数据库系统 -[包含关系]-> 数据模型"", ""type"": ""relation"", ""backend"": ""sqlite"", ""relation_id"": ""dbe_01"", ""graph_score"": 0.75, ""source_score"": 0.95}, {""source"": ""SQLite 图谱邻居扩展"", ""excerpt"": ""数据模型 -[包含关系]-> 关系模型"", ""type"": ""relation"", ""backend"": ""sqlite"", ""relation_id"": ""dbe_02"", ""graph_score"": 0.75, ""source_score"": 0.9}, {""source"": ""SQLite 图谱邻居扩展"", ""excerpt"": ""关系模型 -[包含关系]-> 关系代数"", ""type"": ""relation"", ""backend"": ""sqlite"", ""relation_id"": ""dbe_03"", ""graph_score"": 0.75, ""source_score"": 0.65}, {""source"": ""SQLite 图谱邻居扩展"", ""excerpt"": ""关系模型 -[包含关系]-> SQL 查询"", ""type"": ""relation"", ""backend"": ""sqlite"", ""relation_id"": ""dbe_04"", ""graph_score"": 0.75, ""source_score"": 0.65}]",
QA013,database_systems,关系模型如何表示实体和联系,关系模型|表|主键|外键,database_systems.txt,false,True,16569,deepseek-graphrag,medium,"结论：关系模型用二维表表示实体，用主键标识实体，用外键表示实体之间的联系。

课程图谱：数据模型包含关系模型[6]，关系模型用二维表表达数据及其联系[2]，表由行和列组成[4]。关系模型还包含关系代数和 SQL 查询[7][8]，但图谱只说明包含关系，无法确定学习先后。

补充知识：一个实体通常对应一张表，一行是一个实体实例，一列是一个属性。主键唯一标识每行；外键存放另一张表的主键值，用来表示一对多联系。多对多联系一般另建一张关联表，把两个实体的主键作为外键放进去。一对一联系可把一方主键作为另一方外键，并加唯一约束。例如学生表和课程表，选课表用学号、课程号两个外键表示学生与课程的多对多联系。

说明：主键、外键和关联表是通用做法，课程证据只概括提到表、主键和外键，未展开具体建表方式。",1.0,False,False,True,1.0,8,,"[{""id"": ""chunk_91a75dea4bfd"", ""source"": ""database_systems.txt"", ""excerpt"": ""数据库系统原理示例资料\n\n数据库系统通过数据模型描述现实世界的数据结构。关系模型使用表、主键和外键表达实体与联系，SQL 查询用于完成数据检索与更新。\n\n范式和函数依赖用于分析表结构设计质量。事务需要满足 ACID 特性，并通过并发控制、锁机制和日志恢复保证数据库的一致性。\n\n索引和 B+树可以提高查询效率，查询优化器会根据统计信息选择更合适的执行计划。视图、权限和备份恢复共同支撑数据库安全运行。"", ""type"": ""document"", ""document_id"": ""sample_database_systems"", ""page_no"": null, ""bm25_score"": -7e-06, ""rank"": 1, ""source_score"": 0.8}, {""id"": ""db_03"", ""source"": ""知识点：关系模型"", ""excerpt"": ""用二维表表达数据及其联系的模型。"", ""type"": ""graph"", ""node_match_score"": 24, ""graph_score"": 1.0, ""source_score"": 0.95}, {""id"": ""db_02"", ""source"": ""知识点：数据模型"", ""excerpt"": ""描述数据结构、约束和操作的抽象方式。"", ""type"": ""graph"", ""node_match_score"": 20, ""graph_score"": 1.0, ""source_score"": 0.95}, {""id"": ""node_c19a12cae909"", ""source"": ""知识点：表"", ""excerpt"": ""表是关系模型中存储数据的基本结构，由行和列组成。"", ""type"": ""graph"", ""node_match_score"": 20, ""graph_score"": 1.0, ""source_score"": 0.9}, {""source"": ""SQLite 图谱邻居扩展"", ""excerpt"": ""数据库系统 -[包含关系]-> 数据模型"", ""type"": ""relation"", ""backend"": ""sqlite"", ""relation_id"": ""dbe_01"", ""graph_score"": 0.75, ""source_score"": 0.95}, {""source"": ""SQLite 图谱邻居扩展"", ""excerpt"": ""数据模型 -[包含关系]-> 关系模型"", ""type"": ""relation"", ""backend"": ""sqlite"", ""relation_id"": ""dbe_02"", ""graph_score"": 0.75, ""source_score"": 0.9}, {""source"": ""SQLite 图谱邻居扩展"", ""excerpt"": ""关系模型 -[包含关系]-> 关系代数"", ""type"": ""relation"", ""backend"": ""sqlite"", ""relation_id"": ""dbe_03"", ""graph_score"": 0.75, ""source_score"": 0.65}, {""source"": ""SQLite 图谱邻居扩展"", ""excerpt"": ""关系模型 -[包含关系]-> SQL 查询"", ""type"": ""relation"", ""backend"": ""sqlite"", ""relation_id"": ""dbe_04"", ""graph_score"": 0.75, ""source_score"": 0.65}]",
QA014,database_systems,主键和外键分别有什么作用,主键|外键,database_systems.txt,false,True,16643,deepseek-graphrag,medium,"结论：主键用来唯一标识表中的每条记录；外键用来建立表与表之间的引用关系，保证引用数据的一致性。

课程图谱：课程资料指出，关系模型用表、主键和外键表达实体与联系[1]。主键是能唯一标识表中记录的字段或字段组合[3]；外键是表达表间引用关系的约束[4]。图谱中表结构设计包含主键和外键[5][6]，二者是相关关系[8]，不是前置关系，无法据此确定学习先后。

补充知识：主键的值必须唯一且不能为空，一张表通常只有一个主键，可用单列或列组合，例如学号。外键的值必须匹配被引用表的主键或候选键，或为空；例如选课表的学号引用学生表。外键能防止出现指向不存在记录的脏数据，并支持级联更新或删除。主键侧重表内定位记录，外键侧重表间关联与参照完整性。

说明：不同数据库对外键约束的默认行为和级联规则可能不同，实际使用需查看具体数据库文档。",1.0,True,False,True,1.0,8,,"[{""id"": ""chunk_91a75dea4bfd"", ""source"": ""database_systems.txt"", ""excerpt"": ""数据库系统原理示例资料\n\n数据库系统通过数据模型描述现实世界的数据结构。关系模型使用表、主键和外键表达实体与联系，SQL 查询用于完成数据检索与更新。\n\n范式和函数依赖用于分析表结构设计质量。事务需要满足 ACID 特性，并通过并发控制、锁机制和日志恢复保证数据库的一致性。\n\n索引和 B+树可以提高查询效率，查询优化器会根据统计信息选择更合适的执行计划。视图、权限和备份恢复共同支撑数据库安全运行。"", ""type"": ""document"", ""document_id"": ""sample_database_systems"", ""page_no"": null, ""bm25_score"": -7e-06, ""rank"": 1, ""source_score"": 0.8}, {""id"": ""db_06"", ""source"": ""知识点：表结构设计"", ""excerpt"": ""根据业务实体设计表、字段和约束。"", ""type"": ""graph"", ""node_match_score"": 4, ""graph_score"": 1.0, ""source_score"": 0.65}, {""id"": ""db_07"", ""source"": ""知识点：主键"", ""excerpt"": ""能够唯一标识表中记录的字段或字段组合。"", ""type"": ""graph"", ""node_match_score"": 4, ""graph_score"": 1.0, ""source_score"": 0.9}, {""id"": ""db_08"", ""source"": ""知识点：外键"", ""excerpt"": ""用于表达表间引用关系的约束。"", ""type"": ""graph"", ""node_match_score"": 4, ""graph_score"": 1.0, ""source_score"": 0.9}, {""source"": ""SQLite 图谱邻居扩展"", ""excerpt"": ""表结构设计 -[包含关系]-> 主键"", ""type"": ""relation"", ""backend"": ""sqlite"", ""relation_id"": ""dbe_05"", ""graph_score"": 0.75, ""source_score"": 0.65}, {""source"": ""SQLite 图谱邻居扩展"", ""excerpt"": ""表结构设计 -[包含关系]-> 外键"", ""type"": ""relation"", ""backend"": ""sqlite"", ""relation_id"": ""dbe_06"", ""graph_score"": 0.75, ""source_score"": 0.65}, {""source"": ""SQLite 图谱邻居扩展"", ""excerpt"": ""表结构设计 -[前置关系]-> 范式"", ""type"": ""relation"", ""backend"": ""sqlite"", ""relation_id"": ""dbe_13"", ""graph_score"": 0.75, ""source_score"": 0.65}, {""source"": ""SQLite 图谱邻居扩展"", ""excerpt"": ""主键 -[相关关系]-> 外键"", ""type"": ""relation"", ""backend"": ""sqlite"", ""relation_id"": ""dbe_18"", ""graph_score"": 0.75, ""source_score"": 0.65}]",
QA015,database_systems,关系代数与SQL查询有什么联系,关系代数|SQL查询,database_systems.txt,false,True,16448,deepseek-graphrag,medium,"结论：关系代数与SQL查询都用于操作关系模型中的数据。关系代数是形式化理论基础，SQL是实际使用的查询语言，二者在查询表达上对应，但语法和细节不完全相同。

课程图谱：证据[2]指出关系代数“是关系数据库查询的形式化理论基础”，[4]指出SQL查询“用于检索和操作数据”。图谱中关系模型同时包含关系代数[6]和SQL查询[7]，说明二者都建立在关系模型之上；但这是包含关系，不是前置关系，无法据此确定学习先后。

补充知识：关系代数用选择、投影、并、差、笛卡尔积等运算描述“要什么结果”。SQL用SELECT、FROM、WHERE、JOIN等语句实现类似操作。例如，关系代数的选择对应SQL的WHERE，投影对应SELECT列，笛卡尔积加选择常对应JOIN。SQL还支持排序、分组、聚合、更新等关系代数不直接覆盖的功能。

说明：不同教材对关系代数运算集合的划分略有差异，但“关系代数是SQL的理论基础”这一基本定位一致。",1.0,True,False,True,1.0,8,,"[{""id"": ""chunk_91a75dea4bfd"", ""source"": ""database_systems.txt"", ""excerpt"": ""数据库系统原理示例资料\n\n数据库系统通过数据模型描述现实世界的数据结构。关系模型使用表、主键和外键表达实体与联系，SQL 查询用于完成数据检索与更新。\n\n范式和函数依赖用于分析表结构设计质量。事务需要满足 ACID 特性，并通过并发控制、锁机制和日志恢复保证数据库的一致性。\n\n索引和 B+树可以提高查询效率，查询优化器会根据统计信息选择更合适的执行计划。视图、权限和备份恢复共同支撑数据库安全运行。"", ""type"": ""document"", ""document_id"": ""sample_database_systems"", ""page_no"": null, ""bm25_score"": -3e-06, ""rank"": 1, ""source_score"": 0.8}, {""id"": ""db_04"", ""source"": ""知识点：关系代数"", ""excerpt"": ""关系数据库查询的形式化理论基础。"", ""type"": ""graph"", ""node_match_score"": 24, ""graph_score"": 1.0, ""source_score"": 0.65}, {""id"": ""db_03"", ""source"": ""知识点：关系模型"", ""excerpt"": ""用二维表表达数据及其联系的模型。"", ""type"": ""graph"", ""node_match_score"": 8, ""graph_score"": 1.0, ""source_score"": 0.95}, {""id"": ""db_05"", ""source"": ""知识点：SQL 查询"", ""excerpt"": ""使用结构化查询语言检索和操作数据。"", ""type"": ""graph"", ""node_match_score"": 8, ""graph_score"": 1.0, ""source_score"": 0.95}, {""source"": ""SQLite 图谱邻居扩展"", ""excerpt"": ""数据模型 -[包含关系]-> 关系模型"", ""type"": ""relation"", ""backend"": ""sqlite"", ""relation_id"": ""dbe_02"", ""graph_score"": 0.75, ""source_score"": 0.9}, {""source"": ""SQLite 图谱邻居扩展"", ""excerpt"": ""关系模型 -[包含关系]-> 关系代数"", ""type"": ""relation"", ""backend"": ""sqlite"", ""relation_id"": ""dbe_03"", ""graph_score"": 0.75, ""source_score"": 0.65}, {""source"": ""SQLite 图谱邻居扩展"", ""excerpt"": ""关系模型 -[包含关系]-> SQL 查询"", ""type"": ""relation"", ""backend"": ""sqlite"", ""relation_id"": ""dbe_04"", ""graph_score"": 0.75, ""source_score"": 0.65}, {""source"": ""SQLite 图谱邻居扩展"", ""excerpt"": ""数据模型 -[前置关系]-> 关系模型"", ""type"": ""relation"", ""backend"": ""sqlite"", ""relation_id"": ""dbe_10"", ""graph_score"": 0.75, ""source_score"": 0.65}]",
QA016,database_systems,规范化为什么可以减少数据冗余,规范化|数据冗余,database_systems.txt,false,False,16231,deepseek-graphrag,medium,"结论：规范化通过分解表、消除函数依赖中的不良部分，让同一事实只存一处，从而减少重复存储和更新异常。

课程图谱：证据[2]把范式定义为衡量关系模式冗余和异常风险的设计规范，直接说明规范化与减少冗余相关。证据[1]提到范式和函数依赖用于分析表结构设计质量。图谱中“数据库系统—包含→数据模型—包含→关系模型”是包含关系，不是前置关系；证据未说明范式与数据模型的学习先后，无法确定顺序。

补充知识：冗余常来自把不同实体混在一张表。例如“学生—课程—教师”若全放一张表，教师电话会随每条选课记录重复。按函数依赖分解：学生表、课程表、教师表、选课表，教师电话只存教师表一次。更新电话时只改一行，避免漏改、冲突和插入/删除异常。常用范式有1NF、2NF、3NF、BCNF，核心是让非主属性只依赖候选键，不依赖部分键或非键属性。

说明：规范化减少冗余，但过度分解会增加连接查询；实际设计常适度反规范化以换性能。",0.5,False,False,True,1.0,8,,"[{""id"": ""chunk_91a75dea4bfd"", ""source"": ""database_systems.txt"", ""excerpt"": ""数据库系统原理示例资料\n\n数据库系统通过数据模型描述现实世界的数据结构。关系模型使用表、主键和外键表达实体与联系，SQL 查询用于完成数据检索与更新。\n\n范式和函数依赖用于分析表结构设计质量。事务需要满足 ACID 特性，并通过并发控制、锁机制和日志恢复保证数据库的一致性。\n\n索引和 B+树可以提高查询效率，查询优化器会根据统计信息选择更合适的执行计划。视图、权限和备份恢复共同支撑数据库安全运行。"", ""type"": ""document"", ""document_id"": ""sample_database_systems"", ""page_no"": null, ""bm25_score"": -1e-06, ""rank"": 1, ""source_score"": 0.8}, {""id"": ""db_10"", ""source"": ""知识点：范式"", ""excerpt"": ""衡量关系模式冗余和异常风险的设计规范。"", ""type"": ""graph"", ""node_match_score"": 8, ""graph_score"": 1.0, ""source_score"": 0.95}, {""id"": ""db_01"", ""source"": ""知识点：数据库系统"", ""excerpt"": ""用于组织、存储、管理和访问数据的软件系统。"", ""type"": ""graph"", ""node_match_score"": 4, ""graph_score"": 1.0, ""source_score"": 0.95}, {""id"": ""db_02"", ""source"": ""知识点：数据模型"", ""excerpt"": ""描述数据结构、约束和操作的抽象方式。"", ""type"": ""graph"", ""node_match_score"": 4, ""graph_score"": 1.0, ""source_score"": 0.95}, {""source"": ""SQLite 图谱邻居扩展"", ""excerpt"": ""数据库系统 -[包含关系]-> 数据模型"", ""type"": ""relation"", ""backend"": ""sqlite"", ""relation_id"": ""dbe_01"", ""graph_score"": 0.75, ""source_score"": 0.95}, {""source"": ""SQLite 图谱邻居扩展"", ""excerpt"": ""数据模型 -[包含关系]-> 关系模型"", ""type"": ""relation"", ""backend"": ""sqlite"", ""relation_id"": ""dbe_02"", ""graph_score"": 0.75, ""source_score"": 0.9}, {""source"": ""SQLite 图谱邻居扩展"", ""excerpt"": ""数据库系统 -[前置关系]-> 数据模型"", ""type"": ""relation"", ""backend"": ""sqlite"", ""relation_id"": ""dbe_09"", ""graph_score"": 0.75, ""source_score"": 0.65}, {""source"": ""SQLite 图谱邻居扩展"", ""excerpt"": ""数据模型 -[前置关系]-> 关系模型"", ""type"": ""relation"", ""backend"": ""sqlite"", ""relation_id"": ""dbe_10"", ""graph_score"": 0.75, ""source_score"": 0.65}]",
QA017,database_systems,事务的ACID特性包括什么,事务|ACID,database_systems.txt,false,True,16152,deepseek-graphrag,medium,"结论：事务的ACID特性包括原子性、一致性、隔离性和持久性。

课程图谱：证据[2][3]直接列出这四项，并说明它们用于保证事务可靠。图谱中“事务—包含关系—ACID”表示ACID是事务概念的组成部分[5][8]，不是前置学习顺序。

补充知识：原子性指事务内操作要么全做、要么全不做；一致性指事务前后数据满足约束；隔离性指并发事务互不干扰；持久性指提交后的修改不会丢失。例如转账时扣款和入账应作为一个事务，要么都成功，要么都回滚。

说明：图谱还显示“事务—前置关系—并发控制”[6]、“ACID—相关关系—备份恢复”[7]。前置关系只说明并发控制依赖事务概念，相关关系不等于因果，也不能据此确定ACID四项的学习先后。",1.0,False,False,True,1.0,8,,"[{""id"": ""chunk_91a75dea4bfd"", ""source"": ""database_systems.txt"", ""excerpt"": ""数据库系统原理示例资料\n\n数据库系统通过数据模型描述现实世界的数据结构。关系模型使用表、主键和外键表达实体与联系，SQL 查询用于完成数据检索与更新。\n\n范式和函数依赖用于分析表结构设计质量。事务需要满足 ACID 特性，并通过并发控制、锁机制和日志恢复保证数据库的一致性。\n\n索引和 B+树可以提高查询效率，查询优化器会根据统计信息选择更合适的执行计划。视图、权限和备份恢复共同支撑数据库安全运行。"", ""type"": ""document"", ""document_id"": ""sample_database_systems"", ""page_no"": null, ""bm25_score"": -1e-06, ""rank"": 1, ""source_score"": 0.8}, {""id"": ""node_f9ddb22af846"", ""source"": ""知识点：ACID特性"", ""excerpt"": ""ACID指原子性、一致性、隔离性和持久性，保证事务可靠。"", ""type"": ""graph"", ""node_match_score"": 12, ""graph_score"": 1.0, ""source_score"": 0.95}, {""id"": ""db_13"", ""source"": ""知识点：ACID"", ""excerpt"": ""事务应满足原子性、一致性、隔离性和持久性。"", ""type"": ""graph"", ""node_match_score"": 8, ""graph_score"": 1.0, ""source_score"": 0.65}, {""id"": ""db_12"", ""source"": ""知识点：事务"", ""excerpt"": ""数据库中作为一个逻辑工作单元执行的一组操作。"", ""type"": ""graph"", ""node_match_score"": 4, ""graph_score"": 1.0, ""source_score"": 0.95}, {""source"": ""SQLite 图谱邻居扩展"", ""excerpt"": ""事务 -[包含关系]-> ACID"", ""type"": ""relation"", ""backend"": ""sqlite"", ""relation_id"": ""dbe_07"", ""graph_score"": 0.75, ""source_score"": 0.65}, {""source"": ""SQLite 图谱邻居扩展"", ""excerpt"": ""事务 -[前置关系]-> 并发控制"", ""type"": ""relation"", ""backend"": ""sqlite"", ""relation_id"": ""dbe_15"", ""graph_score"": 0.75, ""source_score"": 0.65}, {""source"": ""SQLite 图谱邻居扩展"", ""excerpt"": ""ACID -[相关关系]-> 备份恢复"", ""type"": ""relation"", ""backend"": ""sqlite"", ""relation_id"": ""dbe_20"", ""graph_score"": 0.75, ""source_score"": 0.65}, {""source"": ""SQLite 图谱邻居扩展"", ""excerpt"": ""事务 -[包含关系]-> ACID特性"", ""type"": ""relation"", ""backend"": ""sqlite"", ""relation_id"": ""edge_1732a4bd2935"", ""graph_score"": 0.75, ""source_score"": 0.95}]",
QA018,database_systems,并发控制要避免哪些异常,并发控制,database_systems.txt,false,True,15992,deepseek-graphrag,low,"结论：并发控制主要避免四类异常：丢失更新、脏读、不可重复读、幻读。

课程图谱：证据[1]说明并发控制用于协调多事务、保持一致性；证据[6][7]显示事务是并发控制的前置，并发控制又是锁机制的前置。锁机制[2]通过限制访问冲突来减少这些异常，但课程证据未列出异常清单，也未说明各异常的学习先后。

补充知识：丢失更新指两事务同时改同一数据，后写覆盖前写；脏读指读到别的事务未提交的数据；不可重复读指同一事务两次读同一行结果不同；幻读指同一范围两次查询行数不同。常见对策是加锁或快照隔离，例如行锁防丢失更新，范围锁防幻读。

说明：不同数据库对隔离级别的实现有差异，幻读在部分快照隔离下也可能出现。",1.0,False,False,False,0.0,8,,"[{""id"": ""db_14"", ""source"": ""知识点：并发控制"", ""excerpt"": ""协调多个事务同时执行以保持一致性的技术。"", ""type"": ""graph"", ""node_match_score"": 20, ""graph_score"": 1.0, ""source_score"": 0.95}, {""id"": ""db_15"", ""source"": ""知识点：锁机制"", ""excerpt"": ""通过锁限制数据访问冲突的并发控制方法。"", ""type"": ""graph"", ""node_match_score"": 20, ""graph_score"": 1.0, ""source_score"": 0.95}, {""id"": ""db_10"", ""source"": ""知识点：范式"", ""excerpt"": ""衡量关系模式冗余和异常风险的设计规范。"", ""type"": ""graph"", ""node_match_score"": 4, ""graph_score"": 1.0, ""source_score"": 0.95}, {""source"": ""SQLite 图谱邻居扩展"", ""excerpt"": ""表结构设计 -[前置关系]-> 范式"", ""type"": ""relation"", ""backend"": ""sqlite"", ""relation_id"": ""dbe_13"", ""graph_score"": 0.75, ""source_score"": 0.65}, {""source"": ""SQLite 图谱邻居扩展"", ""excerpt"": ""函数依赖 -[前置关系]-> 范式"", ""type"": ""relation"", ""backend"": ""sqlite"", ""relation_id"": ""dbe_14"", ""graph_score"": 0.75, ""source_score"": 0.9}, {""source"": ""SQLite 图谱邻居扩展"", ""excerpt"": ""事务 -[前置关系]-> 并发控制"", ""type"": ""relation"", ""backend"": ""sqlite"", ""relation_id"": ""dbe_15"", ""graph_score"": 0.75, ""source_score"": 0.65}, {""source"": ""SQLite 图谱邻居扩展"", ""excerpt"": ""并发控制 -[前置关系]-> 锁机制"", ""type"": ""relation"", ""backend"": ""sqlite"", ""relation_id"": ""dbe_16"", ""graph_score"": 0.75, ""source_score"": 0.65}, {""source"": ""SQLite 图谱邻居扩展"", ""excerpt"": ""范式 -[相关关系]-> 函数依赖"", ""type"": ""relation"", ""backend"": ""sqlite"", ""relation_id"": ""dbe_19"", ""graph_score"": 0.75, ""source_score"": 0.95}]",
QA019,database_systems,索引为什么能够提升查询效率,索引|B+树,database_systems.txt,false,True,16374,deepseek-graphrag,low,"结论：索引能提升查询效率，是因为它把“全表逐行扫描”变成“按辅助结构快速定位”，减少需要检查的数据量。

课程图谱：证据[2]把索引定义为“为加速查询而建立的辅助数据结构”，直接说明其用途。[4]显示索引包含B+树，[3]说明B+树是多路平衡树，因此常见实现可借助树形结构缩小查找范围。[5]显示索引是查询优化的前置关系，[8]显示查询优化器与索引相关；但图谱未说明二者的学习先后，无法确定顺序。

补充知识：无索引时，数据库通常要扫描整张表并逐行比较。索引把关键列的值和行位置组织起来，例如B+树按序分层存储，查找时从根节点逐层向下，只需访问少量节点。范围查询和排序也能利用索引的有序性，避免额外排序。代价是索引占空间，插入、删除、更新时还要维护索引，所以并非越多越好。

说明：B+树是常见索引结构，但索引不限于B+树，哈希索引等也用于等值查询；具体支持情况取决于数据库系统。",1.0,False,False,False,0.0,8,,"[{""id"": ""db_18"", ""source"": ""知识点：查询优化"", ""excerpt"": ""选择低成本执行计划以提升查询性能。"", ""type"": ""graph"", ""node_match_score"": 24, ""graph_score"": 1.0, ""source_score"": 0.65}, {""id"": ""db_16"", ""source"": ""知识点：索引"", ""excerpt"": ""为加速查询而建立的辅助数据结构。"", ""type"": ""graph"", ""node_match_score"": 8, ""graph_score"": 1.0, ""source_score"": 0.95}, {""id"": ""db_17"", ""source"": ""知识点：B+树"", ""excerpt"": ""数据库索引常用的多路平衡树结构。"", ""type"": ""graph"", ""node_match_score"": 8, ""graph_score"": 1.0, ""source_score"": 0.95}, {""source"": ""SQLite 图谱邻居扩展"", ""excerpt"": ""索引 -[包含关系]-> B+树"", ""type"": ""relation"", ""backend"": ""sqlite"", ""relation_id"": ""dbe_08"", ""graph_score"": 0.75, ""source_score"": 0.65}, {""source"": ""SQLite 图谱邻居扩展"", ""excerpt"": ""索引 -[前置关系]-> 查询优化"", ""type"": ""relation"", ""backend"": ""sqlite"", ""relation_id"": ""dbe_17"", ""graph_score"": 0.75, ""source_score"": 0.65}, {""source"": ""SQLite 图谱邻居扩展"", ""excerpt"": ""索引 -[相关关系]-> B+树"", ""type"": ""relation"", ""backend"": ""sqlite"", ""relation_id"": ""edge_171e8539be7b"", ""graph_score"": 0.75, ""source_score"": 0.95}, {""source"": ""SQLite 图谱邻居扩展"", ""excerpt"": ""数据库系统 -[包含关系]-> 索引"", ""type"": ""relation"", ""backend"": ""sqlite"", ""relation_id"": ""edge_8de13b88aeb8"", ""graph_score"": 0.75, ""source_score"": 0.65}, {""source"": ""SQLite 图谱邻居扩展"", ""excerpt"": ""查询优化器 -[相关关系]-> 索引"", ""type"": ""relation"", ""backend"": ""sqlite"", ""relation_id"": ""edge_bd9c83e30a05"", ""graph_score"": 0.75, ""source_score"": 0.65}]",
QA020,database_systems,查询优化器的任务是什么,查询优化,database_systems.txt,false,True,17096,deepseek-graphrag,low,"结论：查询优化器的任务是为一条 SQL 查询选出更合适的执行计划，从而用较低成本完成查询、提升性能。

课程图谱：证据[1]指出查询优化器根据统计信息选择更合适的执行计划；[3]说明查询优化的目标是选择低成本执行计划以提升查询性能。图谱中查询优化器与执行计划是包含关系[6]，与索引、SQL 查询是相关关系[5][7]；索引到查询优化是前置关系[4]，但这只说明索引是学习查询优化的前置知识，不能推出优化器内部步骤的先后。

补充知识：它通常先做逻辑优化，如谓词下推、投影裁剪、连接顺序调整；再做物理优化，如选择全表扫描还是索引扫描、哪种连接算法、是否排序或聚合。常见依据是表行数、列基数、索引选择性等统计信息，并估算各方案的代价。示例：WHERE 条件命中高选择性索引时，可能选索引扫描；否则可能选全表扫描。

说明：不同数据库的优化器规则和代价模型不同，具体选择以实际系统为准。",1.0,False,False,False,0.0,7,,"[{""id"": ""node_ea9ca9904626"", ""source"": ""知识点：查询优化器"", ""excerpt"": ""查询优化器根据统计信息选择更合适的执行计划。"", ""type"": ""graph"", ""node_match_score"": 28, ""graph_score"": 1.0, ""source_score"": 0.95}, {""id"": ""node_616076cae2f7"", ""source"": ""知识点：执行计划"", ""excerpt"": ""查询优化器选择的查询执行方案。"", ""type"": ""graph"", ""node_match_score"": 28, ""graph_score"": 1.0, ""source_score"": 0.95}, {""id"": ""db_18"", ""source"": ""知识点：查询优化"", ""excerpt"": ""选择低成本执行计划以提升查询性能。"", ""type"": ""graph"", ""node_match_score"": 20, ""graph_score"": 1.0, ""source_score"": 0.65}, {""source"": ""SQLite 图谱邻居扩展"", ""excerpt"": ""索引 -[前置关系]-> 查询优化"", ""type"": ""relation"", ""backend"": ""sqlite"", ""relation_id"": ""dbe_17"", ""graph_score"": 0.75, ""source_score"": 0.65}, {""source"": ""SQLite 图谱邻居扩展"", ""excerpt"": ""查询优化器 -[相关关系]-> 索引"", ""type"": ""relation"", ""backend"": ""sqlite"", ""relation_id"": ""edge_bd9c83e30a05"", ""graph_score"": 0.75, ""source_score"": 0.65}, {""source"": ""SQLite 图谱邻居扩展"", ""excerpt"": ""查询优化器 -[包含关系]-> 执行计划"", ""type"": ""relation"", ""backend"": ""sqlite"", ""relation_id"": ""edge_49513970ce0c"", ""graph_score"": 0.75, ""source_score"": 0.95}, {""source"": ""SQLite 图谱邻居扩展"", ""excerpt"": ""查询优化器 -[相关关系]-> SQL 查询"", ""type"": ""relation"", ""backend"": ""sqlite"", ""relation_id"": ""edge_265d5407d0ec"", ""graph_score"": 0.75, ""source_score"": 0.9}]",
QA021,python_intro,火星基地的核聚变反应堆如何设计,,,true,False,16961,deepseek-graphrag,medium,"结论：现有课程证据无法回答火星基地核聚变反应堆的设计问题，这属于核工程与航天能源的专门领域，不是本课程内容。

课程图谱：证据[1][2]只涉及Python程序设计、变量、数据类型、表达式和流程控制；证据[3]至[6]也只是“程序设计”对解释器、变量、数据类型、表达式的包含关系。未检索到核聚变反应堆设计的直接证据，也无法确定相关学习顺序。

补充知识：聚变堆通常要解决等离子体约束、加热、真空与燃料循环、中子屏蔽、氚增殖和排热等问题。常见路线有磁约束托卡马克和惯性约束。火星基地还需考虑低重力、稀薄大气、远离地球补给、废热排放困难等特殊条件。概念设计一般包括：高温等离子体核心、超导磁体、包层与屏蔽、氚工厂、功率转换和辐射散热系统。示例：用氘氚聚变产生高能中子，靠包层吸收中子并增殖氚，再把热量转为电能。

说明：以上只是通用工程概览，不能当作可落地的火星堆设计；真实方案需核工程、材料、航天热控等多学科验证。",1.0,True,False,,0.0,6,,"[{""id"": ""chunk_e225ab4d17a5"", ""source"": ""python_intro.md"", ""excerpt"": ""# Python 程序设计基础示例资料\n\n## 程序设计与解释器\n程序设计强调使用变量、数据类型、表达式和流程控制描述解决问题的步骤。Python 解释器负责执行源代码，并将错误信息反馈给学习者。\n\n## 数据结构与函数\n列表、字典和字符串处理是 Python 常用的数据组织方式。函数通过参数传递复用逻辑，能够把复杂问题拆分为可测试的模块。\n\n## 工程实践\n文件读写、异常处理、模块和单元测试帮助学生完成可维护的小型项目。面向对象中的类与对象可用于组织更复杂的业务模型。"", ""type"": ""document"", ""document_id"": ""sample_python_intro"", ""page_no"": null, ""bm25_score"": -1e-06, ""rank"": 1, ""source_score"": 0.8}, {""id"": ""py_01"", ""source"": ""知识点：程序设计"", ""excerpt"": ""使用计算思维描述问题、设计步骤并形成可执行程序。"", ""type"": ""graph"", ""node_match_score"": 4, ""graph_score"": 1.0, ""source_score"": 0.65}, {""source"": ""SQLite 图谱邻居扩展"", ""excerpt"": ""程序设计 -[包含关系]-> Python 解释器"", ""type"": ""relation"", ""backend"": ""sqlite"", ""relation_id"": ""pye_01"", ""graph_score"": 0.75, ""source_score"": 0.65}, {""source"": ""SQLite 图谱邻居扩展"", ""excerpt"": ""程序设计 -[包含关系]-> 变量"", ""type"": ""relation"", ""backend"": ""sqlite"", ""relation_id"": ""pye_02"", ""graph_score"": 0.75, ""source_score"": 0.65}, {""source"": ""SQLite 图谱邻居扩展"", ""excerpt"": ""程序设计 -[包含关系]-> 数据类型"", ""type"": ""relation"", ""backend"": ""sqlite"", ""relation_id"": ""pye_03"", ""graph_score"": 0.75, ""source_score"": 0.65}, {""source"": ""SQLite 图谱邻居扩展"", ""excerpt"": ""程序设计 -[包含关系]-> 表达式"", ""type"": ""relation"", ""backend"": ""sqlite"", ""relation_id"": ""pye_04"", ""graph_score"": 0.75, ""source_score"": 0.65}]",
QA022,python_intro,请给出本课程没有提供的某上市公司财务预测,,,true,False,17055,deepseek-graphrag,low,"结论：本课程没有提供任何上市公司的财务预测，也无法从课程证据中推出某家公司的收入、利润或估值数据。若你需要，我可以教你用公开财报和假设自行搭一个预测模型。

课程图谱：证据[1]只说明项目实践要求综合运用课程知识完成小型应用；证据[2][3]表明SQLite模块、类与对象是项目实践的前置知识点。它们都不涉及上市公司财务预测，未检索到直接证据。

补充知识：上市公司财务预测通常分三步。先做收入预测，按业务线拆量价或用户数乘客单价；再预测成本费用，区分固定与变动；最后编三张表并算自由现金流。常用方法有历史增长率法、回归法和自下而上法。示例：假设某公司明年收入增长10%，毛利率维持40%，就可先推毛利，再扣销售、管理、研发费用，得到营业利润。预测必须写明假设来源和敏感性区间，不能当成确定事实。

说明：财务预测依赖假设，不同机构结果可能差异很大；课程证据未规定具体公司、期间或模型，因此无法确定先后或给出唯一答案。",1.0,True,False,,0.0,3,,"[{""id"": ""py_20"", ""source"": ""知识点：项目实践"", ""excerpt"": ""综合运用课程知识完成可演示的小型应用。"", ""type"": ""graph"", ""node_match_score"": 4, ""graph_score"": 1.0, ""source_score"": 0.65}, {""source"": ""SQLite 图谱邻居扩展"", ""excerpt"": ""模块 -[前置关系]-> 项目实践"", ""type"": ""relation"", ""backend"": ""sqlite"", ""relation_id"": ""pye_19"", ""graph_score"": 0.75, ""source_score"": 0.65}, {""source"": ""SQLite 图谱邻居扩展"", ""excerpt"": ""类与对象 -[前置关系]-> 项目实践"", ""type"": ""relation"", ""backend"": ""sqlite"", ""relation_id"": ""pye_20"", ""graph_score"": 0.75, ""source_score"": 0.65}]",
QA023,database_systems,量子通信卫星采用什么轨道参数,,,true,False,3524,deepseek-graphrag,low,"结论：量子通信卫星没有统一固定的轨道参数，具体取决于任务设计。中国“墨子号”量子科学实验卫星采用约500公里高度的太阳同步轨道，倾角约97.4度，周期约94分钟。

课程图谱：未检索到直接证据。

补充知识：量子通信卫星常用低地球轨道，高度多在400至600公里。太阳同步轨道能让卫星每天大致在同一地方时经过同一地区，便于地面站对准和开展星地量子密钥分发。轨道参数通常包括半长轴、高度、倾角、偏心率和周期；近圆低轨的偏心率很小。以“墨子号”为例，约500公里高、太阳同步轨道，就是为减少大气影响并保证地面站可见性。若问其他量子通信卫星，需查该任务的具体设计，不能直接套用“墨子号”参数。

说明：不同卫星任务参数不同，别把“墨子号”的参数当成所有量子通信卫星的通用值。",1.0,True,False,,0.0,0,,[],
QA024,database_systems,如何诊断一种课程资料未提及的疾病,,,true,False,16635,deepseek-graphrag,medium,"结论：诊断疾病属于医学内容，当前课程资料没有涉及，无法据此给出诊断方法。若你问的是“课程资料未提及的疾病”在数据库课程里怎么处理，那只能说明它超出本课程范围。

课程图谱：证据[1]只讲数据库系统、关系模型、SQL、范式、事务、索引等，未检索到任何疾病诊断相关内容。证据[2][3][4][5]也只涉及表结构设计、主键、外键和范式，与医学诊断无关。图谱中没有“疾病诊断”节点，无法确定它与本课程的学习顺序。

补充知识：诊断疾病通常要由医生结合病史、体格检查、实验室检查和影像学等结果综合判断，不能只靠单一资料或自行猜测。常见思路是先识别症状和危险信号，再选择相应检查，最后鉴别诊断。若涉及真实健康问题，应尽快就医，不要用课程知识替代专业诊疗。

说明：数据库课程中的“诊断”一般指排查系统故障，例如慢查询、锁冲突或数据不一致，不是医学诊断。两者不要混用。",1.0,True,False,,0.0,5,,"[{""id"": ""chunk_91a75dea4bfd"", ""source"": ""database_systems.txt"", ""excerpt"": ""数据库系统原理示例资料\n\n数据库系统通过数据模型描述现实世界的数据结构。关系模型使用表、主键和外键表达实体与联系，SQL 查询用于完成数据检索与更新。\n\n范式和函数依赖用于分析表结构设计质量。事务需要满足 ACID 特性，并通过并发控制、锁机制和日志恢复保证数据库的一致性。\n\n索引和 B+树可以提高查询效率，查询优化器会根据统计信息选择更合适的执行计划。视图、权限和备份恢复共同支撑数据库安全运行。"", ""type"": ""document"", ""document_id"": ""sample_database_systems"", ""page_no"": null, ""bm25_score"": -1e-06, ""rank"": 1, ""source_score"": 0.8}, {""id"": ""db_06"", ""source"": ""知识点：表结构设计"", ""excerpt"": ""根据业务实体设计表、字段和约束。"", ""type"": ""graph"", ""node_match_score"": 4, ""graph_score"": 1.0, ""source_score"": 0.65}, {""source"": ""SQLite 图谱邻居扩展"", ""excerpt"": ""表结构设计 -[包含关系]-> 主键"", ""type"": ""relation"", ""backend"": ""sqlite"", ""relation_id"": ""dbe_05"", ""graph_score"": 0.75, ""source_score"": 0.65}, {""source"": ""SQLite 图谱邻居扩展"", ""excerpt"": ""表结构设计 -[包含关系]-> 外键"", ""type"": ""relation"", ""backend"": ""sqlite"", ""relation_id"": ""dbe_06"", ""graph_score"": 0.75, ""source_score"": 0.65}, {""source"": ""SQLite 图谱邻居扩展"", ""excerpt"": ""表结构设计 -[前置关系]-> 范式"", ""type"": ""relation"", ""backend"": ""sqlite"", ""relation_id"": ""dbe_13"", ""graph_score"": 0.75, ""source_score"": 0.65}]",
